title,hashid,create_time,class
1999～2024 年中国城市统计年鉴面板数据整理结果,5b97584a3ecb4cf1b25c2d37212c21e7,2025-04-20T14:40:46Z,数据资料
2000～2024 年中国县域统计年鉴面板数据,e852bb6689c846fcbbe80b90fe242348,2025-04-08T19:40:50Z,数据资料
2007～2020 年税调数据与工商注册数据匹配结果,339d61648ae94aac8f1863474da2199e,2025-11-30T21:20:51Z,数据资料
1985～2024 年省份间、城市间及区县间各类型专利合作数量面板数据,8f29bf02bbb048dab3b46e26cd10dc64,2025-03-16T22:55:44Z,数据资料
1985～2024年上市公司渐进性创新与突破性创新相关指标计算结果,786e14a581564003b55f8bf340cfd205,2025-07-21T15:35:11Z,数据资料
1973～2024 年中国各省市区县累计降水量日度面板数据 & 栅格数据,1923b66bbe21450e94a52488d702efe0,2025-01-12T01:25:50Z,数据资料
1985～2024 年各省市区县数实融合、数数融合、实实融合水平面板数据,39c5ccd698684f53b2354d10f366d0a3,2025-03-17T20:58:47Z,数据资料
1973～2024 年各省市区县平均气温、最高温、最低温日度面板数据 & 栅格数据（GSOD来源）,e02d4225b66a4fafa9663a4590e6d241,2025-01-11T20:44:01Z,数据资料
1985~2024 年全部专利引用与被引用详细信息,225ad0b59a9945e1831d2e8b96ca1001,2025-03-14T20:53:59Z,数据资料
2000～2024 年 12 月政府采购合同数据(含采购人和供应商经纬度及其所属省市区县),159d29113a1c46a59c9b85c4308ef5fe,2025-09-08T20:18:55Z,数据资料
1985～2024 年关键数字技术专利筛选结果,f9129bf93ecc4da8b15a5065e14b90e0,2025-04-15T12:56:19Z,数据资料
2000～2024 年土地出让结果公告数据（含经纬度及其所属的省市区县）,4127c2c9925a47f89216f0080cb3d413,2025-05-06T22:27:57Z,数据资料
2007～2016年税调数据与工商注册数据匹配结果（版本2）,cb8992583a404b73bd01a0a5486ac640,2025-01-27T14:36:22Z,数据资料
2007～2020 年税调数据与专利数据匹配结果（版本3）,040a2ba951304f5b89f6c925320547f3,2025-12-07T23:35:22Z,数据资料
1999～2023 年上市公司子公司经纬度及其所处的省市区县数据,24376370188e4622b124f4a3199e395b,2025-01-31T17:02:37Z,数据资料
1999～2023 年上市公司子公司工商注册信息匹配结果,3cb9288f5d57488e942fa9cb33f287e5,2025-01-31T17:18:13Z,数据资料
1992～2024 年中国各省市区县乡镇类 DMSP-OLS 夜间灯光面板数据（施开放版本）,2c3880893f5947a5bf764befd3994c74,2025-06-10T14:22:02Z,数据资料
1985~2024 年上市公司与绿色低碳专利数据匹配结果,72fa1689e1f54706afc4bbfea35a3dbd,2025-01-01T23:45:21Z,数据资料
2012年1月19日～2024年12月31日上市公司周边夜间灯光亮度及是否加班面板数据,01b1fd360f374144af1d1471a8c38a53,2025-02-25T16:07:51Z,数据资料
1980年1月1日～2024年12月31日各省市区县相对湿度、比湿、地表高度、气压、风速和气温日度数据,441fd2ee8e9b449eaafc5a19713d7d11,2025-08-18T01:04:03Z,数据资料
1985～2024年共同申请专利的所有申请人经纬度及其所属的省市区县,6ce40daa5ebe4164af66b07f68374c49,2025-03-07T00:32:19Z,数据资料
2001~2024 年上市公司前5大供应商、客户与工商注册信息匹配结果（含经纬度及所处的省市区县）,00f3b1459590486db9e6c13acf2fbc30,2025-07-28T17:49:45Z,数据资料
2001~2023 年上市公司前5大供应商、客户与工商注册信息匹配结果（含经纬度及所处的省市区县）,c0b17ab7ab2945ffaea746dec9380a8e,2025-02-06T20:03:54Z,数据资料
2001～2023 年中国各省市区县生态环境质量面板数据,865c987f170c4bc48debe58c610fdd7a,2025-06-02T13:48:08Z,数据资料
1985～2024 年上市公司专利引证专利的基本信息,67563c79c83248c599465fd138868bf9,2025-01-30T16:26:26Z,数据资料
1985～2024 年各省份、城市间技术互补指数面板数据,f1f122c0101941299920b425a36aece2,2025-10-15T23:11:39Z,数据资料
中国各级行政区划矢量数据库（SHP 和 GEOJSON 格式，1820～2024 年）,dcda51bb20b84c7cb70d104fb53710b0,2025-02-24T15:18:23Z,数据资料
1973～2024 年中国各省市区县平均风速、最大阵风和最大持续风速日度面板数据 & 栅格数据,99fd75bbb937422ba47abf780487bf7f,2025-01-12T00:51:09Z,数据资料
1985～2024 年数字经济产业相关专利筛选结果,d5dfb9ca0858457ebc4f176fce9fee80,2025-01-02T21:21:03Z,数据资料
1985～2024 年各省份、城市、区县间自引和他引数量汇总,ffe14a93d1624e9ebc9f97badeb34d4b,2025-03-22T21:55:39Z,数据资料
1985～2024 年绿色专利申请与授权数据（WIPO标准）,e2fbfb44b58b4d48a1cf7ba202587bac,2025-03-03T16:23:45Z,数据资料
1985～2024 年各上市公司各种绿色专利数量及绿色专利知识宽度（WIPO 筛选标准）,5c8ff3175bc7467f9c23a6ecdd8c7d53,2025-09-10T22:43:33Z,数据资料
使用 Stata 绘制城市间专利合作申请数量网络图,33d24c5aeb704ffda02e4a26e31cb07e,2025-03-10T00:27:58Z,课程
2007~2020 年税调企业地理信息数据（含经纬度及其所处的省市区县）,39f5d95ad58841628fa4d935371bf3fd,2025-12-02T21:23:45Z,数据资料
2007～2016 年税调数据与专利数据匹配结果（版本3）,92e1ec40fa214f308598a661469e069e,2025-01-29T23:56:22Z,数据资料
2000～2024 年上市公司注册地址与办公地址（含经纬度及其所处的省市区县）,746d4f595eba41a2a116b5a6edc3ac0a,2025-07-31T15:01:21Z,数据资料
1985~2024 年上市公司与 WIPO 绿色专利数据匹配结果,9ae2d685aa3445da8aca82df3456f9a5,2025-05-07T22:40:25Z,数据资料
1999~2023 年上市公司子公司专利申请与授权信息,4fe44c1cf44346f3b94fc4abbd7a43b0,2025-02-06T19:56:48Z,数据资料
2000～2016 年海关数据（版本2）,530c467967104ffe9aeb2c6cfabf9fa1,2025-09-05T20:59:00Z,数据资料
1948～2025 年各省市区县金融机构网点数量面板数据,0857147f74bc40b287efcfcf7ff88a1e,2025-06-24T01:02:01Z,数据资料
2000年~2023年各省市区县、乡镇CO2排放量面板数据&栅格数据（CGER来源）,cb6d7ef4aba04db398169e6410c1ea49,2025-05-29T12:22:10Z,数据资料
名师讲堂｜突破性创新与颠覆性创新：使用BERT和 SBERT 模型计算专利文本相似度（一）,35f74d717a0b464ea103175adbb5d885,2025-07-22T13:53:48Z,名师讲堂
1940年～2024年各省市区县10米高度的风速、边界层高度及通风系数月度与年度面板数据,5e8f37bf5fc44d329a6efaa466e939ac,2025-02-21T19:58:31Z,数据资料
1985～2024年上市公司专利的被引证专利信息,27fb7aa15e8c4c0bab7dc74f4d9745c6,2025-02-21T22:17:24Z,数据资料
1985～2024 年战略新兴产业专利筛选结果,e12c056613ba49fb868c6da75277fdf0,2025-02-09T16:41:49Z,数据资料
1985～2024 年上市公司专利技术空间相似度、企业层面的知识宽度计算结果、新技术空间专利申请及IPC号新增数面板数据,9b62be84b6e64703a19c018c4fafe053,2025-09-23T20:30:14Z,数据资料
1995～2023 年各省市区县雷击频率、雷击频率与长途光缆线路增长率交乘面板数据,bc1708961d93445ab5655dc4708e9b61,2025-09-08T02:29:27Z,数据资料
名师讲堂｜渐进性创新与突破性创新：使用 Stata 计算上市公司跨年专利技术相似度,01387f1aabb742cca0d465e630cbcf38,2025-03-24T15:05:22Z,名师讲堂
2014～2024 年中国各省市区县分年、分月、逐日 AQI 面板数据,aa737515f4234c89bcc593a85ad50bc2,2025-02-18T23:57:13Z,数据资料
1929～2024 年 GSOD 气象站点数据,11c8a61e460c4f81a68435305310d63d,2025-01-04T20:46:11Z,数据资料
1985~2024 年上市公司与关键数字技术专利数据匹配结果,2f5693d3305648d19529eaa904484bbd,2025-09-10T21:32:13Z,数据资料
使用 Stata 进行税调专利匹配：超高效的匹配流程,43fd5249e06c462a95c499b2c646046d,2025-06-16T14:25:38Z,课程
使用 R 语言绘制城市间专利合作申请数量网络图(一),4ef23aa8632046e283b8e7175f6a6f7f,2025-03-08T21:45:46Z,课程
名师讲堂｜突破性创新与颠覆性创新：使用BERT和 SBERT 模型计算专利文本相似度（二）,b1e28818e8164cfda3430cc45fddaf91,2025-08-13T16:09:04Z,名师讲堂
2000～2024 年上市公司年报 PDF & TXT 文件合集,05b850225f8344aa9d3b1a4127314f88,2025-10-06T20:17:21Z,数据资料
1998~2023 年各省市区县 PM2.5 质量浓度面板数据&栅格数据（华盛顿圣路易斯分校来源）,c5aae9471c56495e8d7e48d1ff09f637,2025-03-09T15:20:43Z,数据资料
名师讲堂｜使用 Stata 处理上市公司专利互引矩阵及测算上市公司供应链协同创新程度（一）,e58dd2c837c443469d65cf37c26d8b39,2025-03-02T12:36:21Z,名师讲堂
1985～2024 年专利申请地址经纬度及其所处的省市区县信息,859366baaa38424bb13a3142146fba90,2025-02-21T23:05:05Z,数据资料
2014～2024 年中国各省市区县分年、分月、逐日 PM2.5 面板数据,b2c2b8e2e9944e6a9e8398eac164f1ed,2025-02-19T23:47:50Z,数据资料
1998～2014 年工企与专利数据匹配结果（版本3，含申请与授权信息）,6579ec0902604f67acad38aadb39ba30,2025-01-02T20:24:08Z,数据资料
1980 年 1 月～2024 年 12 月各省市区县地表 PM2.5 质量浓度,76698bc838ef49c5ab57633aa64b4e06,2025-02-21T15:27:51Z,数据资料
1970～2024 年中国各省市区县、乡镇 CO2 排放量面板数据 & 栅格数据（EDGAR v2025）,0753e7af840f4886a7c78ac8eafbfb50,2025-12-08T22:30:02Z,数据资料
1985～2024 年全部专利互引网络的中心度和 pagerank 指标计算结果,ff4493bd341148e9bae565aef8cb3070,2025-04-24T09:35:53Z,数据资料
1980 年 1 月～2024 年 12 月各省市区县地表 SO2 质量浓度,96bf644e440641b29a4ecbddeb98a3d2,2025-02-21T14:56:01Z,数据资料
名师讲堂｜使用 Stata 测算数实融合水平（三）：分城市、产业计算数实融合,d98fcb7ceb9b4ce4900e835277529a92,2025-03-14T17:13:15Z,名师讲堂
使用 R 语言绘制城市间专利合作申请数量网络图(二),cc8ff6330fd944039f1af4c2d6622342,2025-03-08T22:10:16Z,课程
1985~2024 年各专利当年～十一年内的被自引、被他引数量统计,51e62d1eae074a4d8174a3969f5025c6,2025-03-14T21:37:11Z,数据资料
1980～2024 年中国各城市逆温数据（空气污染影响相关研究的工具变量）,6bcfd7dfbc2a4723ac8a4c269f2bdb98,2025-02-20T14:46:11Z,数据资料
2000～2023 年各省市区县 NDVI 面板数据（使用月度最大值和均值合成）,0342f29770b74d639c2a73e241c3c830,2025-04-22T22:39:28Z,数据资料
名师讲堂｜使用 Stata 测算数实融合水平（一）：基于示例数据,92b5c171ace949ec921b0570f421675f,2025-03-14T17:20:58Z,名师讲堂
1973～2024 年各省市区县平均能见度日度面板数据 & 栅格数据,6642e2bbfc384cb69a98ab8f570cc12b,2025-01-11T01:20:16Z,数据资料
名师讲堂｜使用 Stata 测算上市公司数实产业技术融合指标（参考黄先海(2023)）,62b63afe82f744f5a2d654bf8ec98648,2025-05-26T14:26:48Z,名师讲堂
上市公司与工商企业注册数据匹配结果（版本2）,27d78e9e3bbe4e0cacc7c02b79fb526e,2025-04-21T23:29:10Z,数据资料
名师讲堂｜使用 Stata 测算数实融合水平（二）： 基于真实专利数据,7397f6f81ed24bfab1a39bb9c2796b67,2025-03-14T17:25:57Z,名师讲堂
2012～2024 年各省市区县政府周边的夜间灯光亮度及是否加班数据,6d9e84a7d33342d6894fab79c11fc10c,2025-03-05T21:53:46Z,数据资料
2001~2023 年上市公司供应商及客户专利申请与授权信息,8a2dad50eaf1460289799032a81914ac,2025-02-06T20:28:53Z,数据资料
名师讲堂｜使用 Stata 处理上市公司专利互引矩阵及测算上市公司供应链协同创新程度（二）,5d5be00c1238457cac814b52b989839a,2025-03-03T21:56:03Z,名师讲堂
2013～2024 年专精特新企业与专利数据匹配结果（版本3）,82a48b065d654c4cb87831a36c99b379,2025-02-12T20:34:46Z,数据资料
2013～2027 年专精特新企业工商注册信息匹配结果,9ff20f951e004720a4852ae2251df6c2,2025-02-12T19:30:48Z,数据资料
1985～2024 年各省市区县不同土地覆盖类型的土地面积,dfd9cc9ba8af439d8b196a390813f50d,2025-11-05T23:11:17Z,数据资料
金融许可证持有机构列表、经纬度及省市区县分布数据（截止2025年6月21日）,8f29e3c527404c6e85c902c17bc5774d,2025-06-22T12:15:38Z,数据资料
名师讲堂｜专利的前向相似度与后向相似度：使用 Stata 计算专利关键数字技术突破创新指标（一）,bcb7f4d90a8445e48c18e4ed769ef071,2025-04-01T23:06:59Z,名师讲堂
1985~2024 年上市公司与战略新兴产业专利数据匹配结果,150b4fdad8194867ab659ace522a442f,2025-03-11T13:44:15Z,数据资料
2012年1月19日～2024年12月31日中国各省市区县日度夜间灯光亮度面板数据,49a7c949a7b04ef2b2006b46841f9139,2025-06-18T18:04:31Z,数据资料
1985～2024 年上市公司数字经济产业专利申请与授权数据,35c27abc6d664b85bb2ea312d85ed5ce,2025-05-07T23:30:46Z,数据资料
2010～2022 年各省市区县总光伏电站面积面板数据,0207d1c6f463476c9b1663f4f925e07f,2025-01-30T20:05:54Z,数据资料
2013～2024 年上市公司与政府采购数据匹配结果(截止2024年12月),705954e973f8474797fe7990eae684c4,2025-11-19T22:09:22Z,数据资料
1998~2022 年各省市区县 PM2.5 质量浓度面板数据（SEDAC来源）,b0dab7848f64487c9cdfa57066773ce1,2025-03-10T23:45:26Z,数据资料
2000～2019 年各省市区县、乡镇玉米、小麦、水稻三大作物种植面积面板数据,ad395a53099e41f4b92ad8092a08c189,2025-03-09T22:14:03Z,数据资料
2012～2023 年上市公司子公司周边夜间灯光亮度及是否加班面板数据,ff359ed29ac846949bc21510209b15e4,2025-03-06T23:21:36Z,数据资料
2000～2024 年土地出让数据及每个地块与所处省市区县边界的距离（含投影点对应的相邻区域）,68a3a76d5014473cb0c1c9e9879d0d49,2025-05-12T22:53:33Z,数据资料
2000～2024 年工商注册信息与土地出让数据匹配结果,3a535b05d3f840d3afe573f40883ec21,2025-05-12T21:10:36Z,数据资料
Stata 如何读取超大的 dta 和 csv 文件,fbf32233112146fdad3f9788a6f8881f,2025-04-02T23:52:02Z,数据资料
名师讲堂｜专利的前向相似度与后向相似度：使用 Stata 计算专利关键数字技术突破创新指标（三）,a72c0a3ca53b4239a849c98c8491f3a8,2025-04-01T23:56:41Z,名师讲堂
1985～2024 年各省市区县、各IPC部、大类、小类、各类型专利申请与授权量,f99176184db141e087ccd4e023517e89,2025-10-17T23:35:19Z,数据资料
2007～2022 年中国各省市区县的太阳能面板面积数据,94f28c96518b47a0b89e1b3838f27a17,2025-01-10T22:56:36Z,数据资料
1985～2024 年各省市区县间各类型绿色技术专利合作数量统计（WIPO 筛选标准）,ed1aaff95daf49ba9674a86f98e46dd0,2025-03-17T00:44:02Z,数据资料
历年上市公司高管、董事和监事简历、持股情况、任职情况变动数据(2025年8月初爬取),b75a97992e6e4e63a50ef8c79d3a47b7,2025-08-18T00:16:20Z,数据资料
1985～2024 年各省市区县专利技术空间相似度、知识宽度计算结果、新技术空间专利申请及 IPC 号新增数面板数据（小类版本）,7641893ec6244c4bb987133870db853b,2025-06-24T00:47:32Z,数据资料
名师讲堂｜Stata：如何根据专利申请数据构造城市间合作申请数量矩阵？,ba9dc58d311b45e3aed7f2cc5adbd281,2025-03-09T14:47:12Z,名师讲堂
Stata 中如何借助工商注册信息匹配结果把税调数据设定成面板？,e57fa8a95f69496dafefd612f270fb20,2025-12-15T21:47:16Z,课程
2007～2016 年税调与海关数据匹配结果（版本2）,d6d872f05ee746a18f29cd84cab9c028,2025-09-07T01:30:30Z,数据资料
1985～2024 年各省市区县间各类型数字经济专利合作数量统计,cbe742b5695749d4ae8e382ae4336e9f,2025-06-18T16:16:40Z,数据资料
1980年1月1日～2024年12月31日中国各省市区县地表PM2.5质量浓度,54b5c2c9bfc64e33a31403246d1231ec,2025-02-23T00:00:25Z,数据资料
1985～2024 年各省市区县间各类型绿色低碳专利合作数量统计,0cea749b12954c7db37ea61e637b2dae,2025-06-16T22:22:01Z,数据资料
使用 Stata 绘图展示各省市区县数字普惠金融指数,0e5a517c2ade4c10ac635681148b5c57,2025-06-02T13:23:53Z,课程
2000年1月~2023年12月各省市区县、乡镇CO2排放量面板数据 & 栅格数据（CGER来源）,998a4e9f87c64014adf8e077b2def4d5,2025-05-29T11:22:54Z,数据资料
1985～2024 年各省市区县间各类型绿色技术专利合作数量统计（国家知识产权局标准）,a415678018d74257b6d20215be0c4b42,2025-03-17T01:05:35Z,数据资料
1990～2023 年上市公司参控股公司经纬度及其所处的省市区县,12642c96d0f242cb85b8ee12099d3e2f,2025-02-01T00:00:05Z,数据资料
2009～2020 年税调与政府采购数据匹配结果,3877739b49274e559cc6510f01784b9b,2025-12-25T23:20:24Z,数据资料
1992～2024 年各省市区县乡镇类 NPP-VIIRS 夜间灯光面板数据 & 栅格数据（余柏蒗版本2）,5ee752e4c1d84ab48b2235366dfb83ec,2025-11-20T22:03:17Z,数据资料
名师讲堂｜专利的前向相似度与后向相似度：使用 Stata 计算专利关键数字技术突破创新指标（二）,fb64d7abf9c74710a7e6fffde4d2e136,2025-04-01T23:46:17Z,名师讲堂
快速检索 R 语言、Stata 课程及数据资料！,eec4ea1e3bd74a92af88fe7f8b71930f,2025-02-11T16:33:16Z,数据资料
2007～2016 年税调与绿色专利数据匹配结果（版本3，国家知识产权局标准）,e74c1a11cf184fda8532a357b190ed5b,2025-01-30T15:43:45Z,数据资料
2000 年 2 月～2024 年 12 月各省市区县平均植被覆盖度,8da9d36689d6465896ce298a77c34156,2025-09-10T18:51:33Z,数据资料
1965年1月～2022年12月各省市区县灌溉、火电冷却、生活、制造业用水量面板数据,a76a9e002daf4cc2ae2ee0f172e6b5b4,2025-08-24T16:41:06Z,数据资料
2000 年 2 月～2023 年 12 月各省市区县 NDVI 面板数据,fcac3ef99f044bb79b17312fdafdc322,2025-04-22T22:11:58Z,数据资料
名师讲堂｜使用 Stata 测算上市公司专利碎片化指数：专利所有权分散与专利丛林,4b3a2d6d626349618ee5ac522b1abb33,2025-03-16T15:39:47Z,名师讲堂
2007～2020 年税调与上市公司匹配结果,e653ffbc045a46c098409df647415f9a,2025-12-15T14:31:57Z,数据资料
1996～2024 年上市公司专利碎片化指数面板数据,c01083223b8342429213c3bd08d3b0ab,2025-11-20T14:10:58Z,数据资料
1985～2024 年各省市区县绿色关键数字技术专利申请与授权数据,8c11e875c907400ab83a1648b4caef2c,2025-10-07T21:48:41Z,数据资料
瞪羚、独角兽、创新型企业名录、工商注册信息匹配结果及经纬度数据（2025年6月爬取）,cd0c453f83f44b2e91e436cafb89027d,2025-09-23T23:23:21Z,数据资料
名师讲堂｜使用 Stata 计算地区间技术互补指数,098e0e36b37246c1885c271668ee7cac,2025-09-22T14:50:35Z,名师讲堂
2000～2024 年上市公司与土地出让数据匹配结果,338afdf9e7ef4bf59a9e4ccb18ca9d4d,2025-05-12T15:02:16Z,数据资料
2001～2023 年上市公司年报中包含研发的句子情感分析,ea25c918b4504a738a9f74f9203af72f,2025-03-22T14:01:36Z,数据资料
1980～2024 年中国各区县逆温数据（空气污染影响相关研究的工具变量）,6716f6a463b641a88b7308f86b9753d0,2025-02-20T14:11:15Z,数据资料
1998～2014 年工企与工商注册数据匹配结果（版本2）,b7d652448b5944ccb0571470717a0139,2025-03-03T22:27:09Z,数据资料
2000～2024 年政府采购供应商与工商注册信息匹配结果,9df7d4c13cf64c69a4cc02a1d8044e9c,2025-12-29T16:52:26Z,数据资料
2000～2024 年各省市区县乡镇类 NPP-VIIRS 夜间灯光面板数据 & 栅格数据（余柏蒗版本1）,f8e6c2d0d4e549a58749d7d86a60e238,2025-11-20T21:53:05Z,数据资料
1998～2023 年各地级市地方生产总值及政府竞争程度指标面板数据,b5c9934593be49c39142c9259bc35217,2025-10-17T22:28:30Z,数据资料
2013～2027 年专精特新企业经纬度及其所属的省市区县信息,ddc7859096ac4ea0bc961674ad13b1f7,2025-02-12T23:05:23Z,数据资料
1973～2024 年各省市区县平均观测站气压与海平面气压日度面板数据 & 栅格数据,6c11ffacf33049b19a619e72f6edd75a,2025-01-12T00:05:03Z,数据资料
1949～2024 年各省市区县每天是否有台风及台风路径矢量数据,5011b91692ce45b9acd3ae4c655c5224,2025-07-07T17:52:13Z,数据资料
1985～2024 年各省市区县间各类型战略新兴产业相关专利合作数量统计,ac527b12ed1f4bb497df473c1c6104f1,2025-06-18T16:40:25Z,数据资料
名师讲堂｜使用 Stata 筛选绿色技术专利（国家知识产权局标准）,66607ec05c3748699883f5e834682125,2025-01-14T00:48:30Z,名师讲堂
分部门：1970～2024 年中国各省市区县各部门 CO2 排放量面板数据 & 栅格数据（EDGAR v2025）,80678a034a2d4318affaeca004c5afa2,2025-12-24T21:43:57Z,数据资料
1973～2024 年各省市区县平均露点日度面板数据 & 栅格数据,328e3f1b6ed94c9cb302f3e1c3fef3b8,2025-01-11T22:55:17Z,数据资料
2000～2024 年上市公司间技术互补指数,feefea9027e046eab3d33259a260fcb2,2026-01-21T18:42:42Z,数据资料
2007～2020 年税调数据中的上市公司前 5 大供应商与客户,a3d132a952f54e3e836c4845ddacd4c8,2025-12-15T22:16:50Z,数据资料
使用 Stata 调用本地部署的大语言模型进行文本主要内容提取——历年政府工作报告中的经济增长目标提取（deepseek版本）,a966fda1b5b8432294804a47504464cd,2025-08-23T18:27:29Z,课程
如何从论文图表中提取数据重新使用 Stata 或者 R 语言绘图,7791e1e75418405495d2c7c3d48b2e19,2025-09-09T00:30:41Z,课程
2000～2016 年海关数据与工商注册信息匹配结果（版本2）,fe61acdee53d4000bb4b80ec0afbfff4,2025-09-07T01:02:38Z,数据资料
2007～2016 年位于高新区、开发区、产业园、工业园内的税调企业,e9206821d6e54932851aa582e4a99c61,2025-03-22T23:09:59Z,数据资料
2007~2014 年税调与污染数据匹配结果(版本2),7ccf03e08f314374af879534b9ee8ecd,2025-03-03T23:30:46Z,数据资料
2014～2024 年中国各省市区县分年、分月、逐日 SO2 面板数据,bd1203a0110449e0995d627b8b077319,2025-02-19T23:17:39Z,数据资料
1990～2023 年上市公司注册地址与办公地址周边一定范围的 CO2 排放量面板数据,b2711a733d034e7c9c86d4d060e2667b,2025-09-22T23:32:45Z,数据资料
R 语言：使用夜间灯光数据构造城市形态指标,641566c4bec6430fa796c07d8de3f5bf,2025-08-06T14:21:11Z,课程
1985～2024 年各省市区县间各类型关键数字技术专利合作数量统计,c364967992904702915d38fb9e0a7ad0,2025-06-16T16:48:28Z,数据资料
1940～2024 年各省市区县乡镇各月 100m 高空平均风速及风向角计算结果,b2efbe5bf7db4c45a8eb570b8d4be271,2025-06-11T14:47:12Z,数据资料
名师讲堂｜自动化水平测度：使用 Stata 筛选自动化相关专利,d66c0b79a8ba45cb9ae96d29da197237,2025-04-08T22:05:16Z,名师讲堂
2013~2024 年各专精特新企业战略新兴产业专利申请与授权信息匹配结果,ebbf7321b283432794b23ad274c7ce19,2025-02-22T01:27:55Z,数据资料
2014～2024 年中国各省市区县分年、分月、逐日 PM10 面板数据,5b552bb738864bcca406b1c873f90adc,2025-02-19T23:35:42Z,数据资料
R 语言：如何绘制上市公司投资网络图,445a71cb9a82454fbc2b28ee398acd4c,2025-02-06T14:58:05Z,课程
国家金融监管总局、省局、分局行政处罚数据（截止2025年8月2日）,28ac1ad7df3b4a43a1692adcf96a1919,2025-08-17T15:34:28Z,数据资料
1980年1月1日～2024年12月31日中国各省市区县地表SO2质量浓度,17dccfa4ae6f473d8da4cfcdf5da7dad,2025-02-23T00:17:29Z,数据资料
2007～2016 年税调与绿色低碳专利数据匹配结果（版本3）,6de735d6792248298f94dadcefedb2f5,2025-01-30T15:59:44Z,数据资料
2007～2016 年税调企业与所在区县税务局的距离,8719f12a1c5e47119e5d9e1fb1aa9220,2025-01-03T18:46:18Z,数据资料
1992～2024 年各省市区县乡镇类 DMSP-OLS 夜间灯光基尼系数、泰尔指数及阿特金森指数面板数据（施开放版本）,9207514548c04b0fbb12491f6c518a69,2025-11-06T16:31:40Z,数据资料
税调企业专利的引证专利基本信息,3c9be57526124d44a5a3247092ebfde0,2025-03-10T20:02:02Z,数据资料
名师讲堂｜使用 Stata 测算专利的创新突破度：CD指数,ec0630ddd1144c299ec229677be6e01d,2026-01-21T12:46:07Z,名师讲堂
高效合并多个 dta 文件：appendall 命令详解,e1ac857b880a49f493f976c6391741e4,2025-08-07T17:42:20Z,数据资料
2000～2023 年上市公司注册地址、办公地址与所在省市区县政府的大圆距离,cf97fc82e0004bad864770c098581721,2025-04-22T23:01:25Z,数据资料
1980 年 1 月～2024 年 12 月各省市区县地表粉尘质量浓度,80a8a2387a0e472e87b77a89c1b26200,2025-02-20T22:25:06Z,数据资料
1998～2024 年绿色专利引用与被引用信息及次数统计（国家知识产权局筛选标准）,a10066c7cc594b5481aa9a6d00a506a1,2025-02-09T17:43:45Z,数据资料
1995~2023 年上市公司参控股公司专利申请与授权信息,e5e68a65a0234f18b1338ad1caadf33d,2025-02-06T19:21:44Z,数据资料
1990～2023 年上市公司参控股公司工商注册信息匹配结果,d6b36b925b09444da2febfb7bf3a83bf,2025-02-01T00:34:47Z,数据资料
2007～2020 年税调渐进性创新与突破性创新相关指标计算结果,a668fe30fc1f4b52bdb9ee570034c435,2026-01-02T22:03:43Z,数据资料
使用 R 语言处理台风路径数据及判断每天每个区县是否有台风,0bff76a800154a63935912a5779f4257,2025-07-01T13:41:11Z,课程
2003～2024 年上市公司十大股东与工商注册信息匹配结果,8c56af4d351c48de837238970f1a8c41,2025-03-11T15:30:13Z,数据资料
1998 年 1 月～2023 年 12 月各省市区县 PM2.5 质量浓度面板数据&栅格数据（华盛顿圣路易斯分校来源）,7dde373bdbc94898864a0437581bf99c,2025-03-09T15:35:47Z,数据资料
2012～2024 年 VNP46A2 日度夜间灯光亮度栅格数据,ae5198d142b944108bcdecbd56e1fe36,2025-02-26T11:19:02Z,数据资料
上市公司高管简历及其是否有从政经历或政治背景数据,3099b5f152b24ea187b8b50067c95ba3,2025-11-07T20:22:39Z,数据资料
2007～2016 年税调企业与数字经济专利匹配结果,1e5570c199e94ca08ac76fb3042c94ac,2025-03-10T23:28:23Z,数据资料
相邻城市对质心与共同边界的距离及共同边界矢量数据,95f6824d29584a5eb98ecd2c7e673689,2025-03-08T20:35:42Z,数据资料
如何从论文地图中提取数据重新绘制,01d05568a5fb4191a677c6cb0694776d,2025-09-11T16:20:58Z,课程
税调企业专利的被引证专利基本信息,f415a365cd6d4fffae41dd45e72b461e,2025-03-10T22:38:29Z,数据资料
2014～2024 年中国各省市区县分年、分月、逐日 NO2 面板数据,f4916bbd0c90458fafab58aa40399b61,2025-02-19T22:18:50Z,数据资料
2012年1月19日～2020年12月31日税调企业周边夜间灯光亮度及是否加班面板数据,289464483fb743fbb173998c8b2cac3c,2025-12-27T14:27:32Z,数据资料
1990～2024 年上市公司注册地址与办公地址周边一定范围的 CO2 排放量面板数据,c72d81d321ab49f4859f8e7488e7df6e,2025-12-21T13:30:37Z,数据资料
2001～2024 年上市公司年报中包含研发的句子情感分析,c885c20951954e6b8fef42f16db2f69b,2025-11-06T14:15:30Z,数据资料
2000～2020 年各省市区县陆地生态系统年总初级生产力面板数据（总固碳量和平均年固碳密度）,a7df30eb94c749fd845eaa157e08578a,2025-09-10T17:38:20Z,数据资料
RStata 数据引用格式要求,c0ea02cdbe0247eead3cc6ba8aceeb9e,2025-03-13T09:25:17Z,数据资料
相邻区县对质心与共同边界的距离及共同边界矢量数据,03b73bc39bfa4d5eb2213aae41f2d6ad,2025-03-08T16:48:01Z,数据资料
1980～2024 年中国各省份逆温数据（空气污染影响相关研究的工具变量）,fc3e9aed756347f79899fbe0c9230df2,2025-02-20T16:25:10Z,数据资料
2007～2020 年税调与绿色低碳专利匹配结果,91ac36193772474583757c3d04d53465,2026-01-18T20:43:22Z,数据资料
名师讲堂｜R 语言：如何根据专利申请数据构造城市间合作申请数量矩阵？,5fbaca3dd21d4423aebd37b3aa29f9ca,2025-08-21T15:59:51Z,名师讲堂
1998～2014 年污染数据与工商注册数据匹配结果（版本2）,445615ebbb8f424d87445bb2b4a292b5,2025-02-24T01:16:58Z,数据资料
2000～2023 年上市公司地址与所在区县税务局的距离,1cd549da2bb94cc6a89d5ee44bf92911,2025-03-03T22:59:27Z,数据资料
名师讲堂｜使用 R 语言提取上市公司所在位置及周边 8 个格点的夜间灯光亮度、判断是否加班及统计年加班天数,67bafc55f61348a9810243202ff49479,2025-02-26T13:36:17Z,名师讲堂
Stata：如何批量提取多层混合效应线性回归结果的估计值、标准差等统计量,956a07cfb01742d59d5638dfc958a240,2025-02-23T17:19:34Z,课程
2014～2024 年中国各省市区县分年、分月、逐日 O3 面板数据,61d52f198eef42afbb5605433b982dd1,2025-02-19T22:40:31Z,数据资料
如何使用 R 语言计算各省市区县空气流通系数,e0ecbedc2fdb4a66ae5562a223e51e10,2025-08-24T15:31:18Z,课程
1965 年 1 月～2020 年 12 月各省市区县工业取水量面板数据,9c88989c36fb4f2fb7ac3f840ff0d19f,2025-09-08T23:06:04Z,数据资料
名师讲堂｜使用 Stata 调用 deepseek-r1 模型判断上市公司高管的政治背景,d22ab30ddc254e2a863de3cab73a8f5c,2025-08-21T16:56:46Z,名师讲堂
使用 R 语言判断每个城市边界是否和河流交汇,6b2c4e8023044b77be71989b51794462,2025-08-14T21:21:17Z,课程
1998~2014 年工企与WIPO绿色专利数据匹配结果（版本3）,6230252385ed4374947bdb355213bfef,2025-05-07T21:37:37Z,数据资料
1980 年 1 月～2024 年 12 月各省市区县地表黑碳质量浓度,4b98b3c5edc94d6691da3b65b6896fec,2025-02-20T22:43:06Z,数据资料
1988～2024 年金融机构专利申请与授权信息,5d4f651f9ca54fe09cbbc0bd0f8715a5,2025-02-06T20:45:05Z,数据资料
1999～2023 年上市公司参控股公司周边 1~30km 范围内的碳排放量面板数据,d618ec93eff8497db8d6c8cc7f617ef6,2026-01-03T19:47:55Z,数据资料
1985～2024 年瞪羚、独角兽与科技型初创企业专利申请与授权信息,fac1b81a8287457bbd6b914d37462a26,2025-10-30T16:33:14Z,数据资料
1940 年 1 月～2024 年 12 月各省市区县地表净太阳辐射面板数据,4421e034b54c4a9ab7e2eedbd5ab31bd,2025-09-08T22:00:32Z,数据资料
2001～2023 年上市公司子公司与土地出让数据匹配结果,3cd6b3782e644aeaa7ed8bd1139c1832,2025-05-12T14:31:33Z,数据资料
2013～2024 年专精特新公司周边夜间灯光亮度及是否加班面板数据,83e25fd2e83c4d99b3e0e2d0950f53e1,2025-03-06T22:55:11Z,数据资料
2013～2024 年专精特新企业与绿色专利数据匹配结果（国家知识产权局筛选标准）,083b335ebdf34197af1eb7f72a5bceec,2025-02-22T00:47:07Z,数据资料
2014～2024 年中国各省市区县分年、分月、逐日 CO 面板数据,5ce78116d3a045c6882878135f8239c2,2025-02-19T00:53:30Z,数据资料
1985～2024 年金融科技专利筛选结果,8a0dac46ce414bd4925cf7cd6a96f9ec,2025-12-16T15:36:00Z,数据资料
名师讲堂｜使用 R 语言测算上市公司人力资本流动、创新产出及流动方向,cba31cb615a84fda81c4da770e8137ab,2025-12-01T22:41:30Z,名师讲堂
名师讲堂｜使用 R 语言测算数实融合水平（一）：基于示例数据,850617e98ac8481f98849c4681039b4e,2025-11-03T10:37:57Z,名师讲堂
名师讲堂｜使用 R 语言计算地区间技术互补指数,f75e341e4f924e688de8015f29f85348,2025-09-22T22:54:55Z,名师讲堂
2000～2024 年各省市区县乡镇类 NPP-VIIRS 夜间灯光基尼系数、泰尔指数及阿特金森指数面板数据（余柏蒗版本1）,b921749ccce64f04a5170824d71d95a0,2025-11-21T22:10:04Z,数据资料
Python 和 R 语言中如何根据姓名预测性别？,bf954f326ae246738c0f5a294b73c988,2025-10-30T12:23:27Z,课程
使用 Stata 绘制中国地图+台风路径（线条+箭头）,8e863ad612274a63b0d4bbafbe52350b,2025-07-18T17:14:42Z,课程
1980年1月1日～2024年12月31日中国各省市区县地表黑碳质量浓度,a1f1d6970b914a1da29a9b11c1f6d39d,2025-02-22T23:19:06Z,数据资料
1998～2014 年工企渐进性创新与突破性创新相关指标计算结果,ad6d628fd561426b8435956e15d7b3f7,2025-12-29T15:15:11Z,数据资料
1980年1月1日～2024年12月31日中国各省市区县地表SO4质量浓度,7de90ca261934f7796f96f67d2c21b47,2025-02-23T00:27:50Z,数据资料
2013～2024 年专精特新企业与绿色低碳专利数据匹配结果,80e1e7155dc146bb9dd1d64b4e563fbd,2025-02-22T00:55:17Z,数据资料
各城市在明清时期的城市面积计算结果,0bb3bf62eae84bbab97243281e45fd19,2026-01-21T19:14:57Z,数据资料
名师讲堂｜使用 R 语言调用 deepseek-r1 模型判断上市公司高管的政治背景,4d321482f89f4c348d7f5b2db8e7a7f2,2025-08-21T16:31:35Z,名师讲堂
Stata 绘制图表如何保存成 400dpi 的高清 png 图片,1ddd75c1e07d458d9eb33bafd51a7814,2025-09-06T00:49:48Z,数据资料
readfiles：批量读取指定文件夹中特定扩展名的所有文本文件,586d17e4ada14aeda4433ccc8fbd8c02,2025-08-23T17:02:53Z,课程
2001～2023 年上市公司前 5 大供应商及客户与土地出让数据匹配结果,3c11a27b837742008d4b4fb02534b037,2025-05-12T22:17:50Z,数据资料
1980年1月1日～2024年12月31日中国各省市区县地表有机碳质量浓度,62cd067197864bf98fd7c731e840591d,2025-02-22T23:38:28Z,数据资料
1998～2014 年工企与绿色低碳专利数据匹配结果,45d895c24a9c47e28f66afe456369200,2025-02-22T00:19:23Z,数据资料
1980 年 1 月～2024 年 12 月各省市区县地表有机碳质量浓度,84046909bff34506985baa819ec8acfc,2025-02-21T14:19:27Z,数据资料
1985～2024 年各城市渐进性创新与突破性创新相关指标计算结果,601a1c3da3954ca39283e5e85d9a59d3,2026-01-13T14:31:39Z,数据资料
分部门：1970～2024 年中国各省市区县各部门 CH4 排放量面板数据 & 栅格数据（EDGAR v2025）,deeea767b5b6481985b10e4848cd14dd,2025-12-24T22:39:10Z,数据资料
1970～2024 年中国各省市区县、乡镇 CH4 排放量面板数据 & 栅格数据（EDGAR v2025）,0ee05c9b479f4ca5aa9739eda666dacf,2025-12-21T21:51:41Z,数据资料
1985～2024 年各乡镇各类型土地覆盖面积面板数据,890e946ea9454a66ad5215516588cc94,2025-12-03T21:47:45Z,数据资料
1992～2024 年各省市区县每个像元上的夜间灯光亮度值、变化及汇总结果（施开放版本）,3183d3a7f0b34d46908319fbebaf30a2,2025-11-24T20:16:14Z,数据资料
2001～2024 年各省市区县冬小麦种植面积,4411d175795c4dcaa7ad8be3085b63c4,2025-10-06T20:43:29Z,数据资料
1980年1月1日～2024年12月31日中国各省市区县地表粉尘质量浓度,b73014216034435ca420fa60a37044cc,2025-02-21T23:59:38Z,数据资料
名师讲堂｜使用 R 语言测算专利的创新突破度：CD 指数,93aeb0630e434a1b8c2901ed88f9e963,2026-01-12T13:48:03Z,名师讲堂
名师讲堂｜使用 Stata 测算上市公司人力资本流动、创新产出及流动方向,5d057dd33c274920b41d196eaed0bb3b,2025-12-16T21:30:46Z,名师讲堂
1999～2023 年上市公司子公司周边 1~30km 范围内的碳排放量面板数据,2dde864766324de5b6d4fd8730fdfa44,2025-12-21T14:58:16Z,数据资料
名师讲堂｜使用 R 语言测算数实融合水平（三）：分城市、产业计算数实融合,dc3338c8ffa14f1d9973143a6f297ee7,2025-11-06T14:42:09Z,名师讲堂
1998～2014 年工企与关键数字技术专利数据匹配结果,d99599f592794242963dd417fddbe366,2025-05-06T23:23:04Z,数据资料
1998～2014 年工企与绿色专利数据匹配结果（国家知识产权局筛选标准）,2a23a887042944d19b0f5b9f32a4ea21,2025-02-22T00:38:44Z,数据资料
2000～2018 年各省市区县陆地生态系统生态质量指数面板数据,b7cf42d4e93f43049c4e4607c654bdeb,2026-01-03T21:07:56Z,数据资料
2001～2024 年各上市公司年报中包含数字转型的句子情感分析（吴非2021版本）,d8705fa45c234ab39f30278976f0ce31,2025-12-29T14:33:33Z,数据资料
1992～2024 年各省市区县每个像元上的夜间灯光亮度值、变化及汇总结果（余柏蒗版本2）,1f0c8a352dd44dcfbd506ae2c9a17f1f,2025-11-24T21:00:36Z,数据资料
名师讲堂｜使用 R 语言测算数实融合水平（二）：基于真实专利数据,0d5e375f68414adbbc86a11ad673ee8a,2025-11-05T18:44:55Z,名师讲堂
使用 Stata 绘制长三角 41 省市的区县地图,1eda06b55dc24bf5adae442ab9ab7e39,2025-03-19T22:43:11Z,课程
相邻省份对质心与共同边界的距离及共同边界矢量数据,ebbb0190ad504cd98c0f8ca92a17b988,2025-03-08T16:26:50Z,数据资料
各城市税务局经纬度,0e2ea13d67e944d386f1099dc01a5557,2025-02-24T01:41:44Z,数据资料
1980年1月1日～2024年12月31日中国各省市区县地表二甲硫醚质量浓度,1ea5bfff8a1d43c1a6e0441b77cd5f3c,2025-02-22T22:49:14Z,数据资料
1992～2024 年各省市区县不同夜间灯光亮度区间的区域面积（施开放版本）,74175f7fd30c47b5b968cc9d5dfecfed,2026-01-04T15:32:51Z,数据资料
2013～2025 年专精特新企业周边 1～30km 范围内的各类型金融机构网点数量,226e9a0a3c6a4789b0a7989807f3f4c0,2026-01-03T15:31:23Z,数据资料
2013～2023 年上市公司子公司与政府采购数据匹配结果,5ff6807f682a4c33abbdc221f5db7d25,2025-12-26T15:31:02Z,数据资料
1985～2024 年瞪羚、独角兽与科技型初创企业关键数字技术专利申请与授权信息,ea970d1e984b4c8eb034a23c1b4a5386,2025-11-06T12:56:34Z,数据资料
1980 年 1 月～2024 年 12 月各省市区县地表 SO4 质量浓度,721e602e2f1644b1932561fbdff7e8e4,2025-02-21T15:14:23Z,数据资料
1985～2024 年瞪羚、独角兽与科技型初创企业绿色专利申请与授权信息(WIPO版本),23b8f2cc51784800b5415a01c6e930e3,2026-01-19T13:41:46Z,数据资料
名师讲堂｜R 语言中使用 finbert-tone-chinese 模型对上市公司年报文本进行情感分析,8df262417de54b40a5d3f93581e3b09f,2025-12-15T13:25:55Z,名师讲堂
1992～2024 年各省市区县夜间灯光最亮点的经纬度（余柏蒗版本2）,659a02630d074442bcf2628db927cbee,2025-11-23T21:19:27Z,数据资料
1985～2024 年瞪羚、独角兽与科技型初创企业绿色专利申请与授权信息（国家知识产权局筛选标准）,b89b0e6befab46faa81e27f4c9bc340e,2025-11-06T00:17:23Z,数据资料
1998～2014 年工企与数字经济专利数据匹配结果（版本3）,f218e510ae4b4f8aa273708831f11ca5,2025-10-06T23:51:12Z,数据资料
R 语言：如何计算各国各地区质心经纬度、质心间距离矩阵及邻接矩阵,40d4346657134c1b8a6e18b66ca9e048,2025-05-01T23:35:52Z,课程
各城市财政局经纬度,9c02ce756f3e43f5b222901d9d3cf442,2025-03-04T23:07:00Z,数据资料
2007～2020 年各税调企业跨年专利技术相似度计算结果,35d0cb1cbd48471f80fbd999939936cc,2026-01-02T22:40:13Z,数据资料
2000～2024 年各省市区县夜间灯光数据中不同亮度值区域的面积占比（余柏蒗版本1）,98285d2e306f4008bc3c2591e9badc54,2026-01-03T21:44:40Z,数据资料
1998～2014 年各工企跨年专利技术相似度计算结果,141bf5256c444530bdfe2cd209922315,2026-01-02T22:25:28Z,数据资料
1999～2023 年上市公司子公司渐进性创新与突破性创新相关指标计算结果,29c9c377bf574090aa55ec633afa5169,2026-01-01T23:36:26Z,数据资料
2007～2020 年税调数据与上市公司子公司数据匹配结果,ce5b9892434f40bcb2e4062143d1b76f,2025-12-16T14:59:18Z,数据资料
七夕特别推文：使用 R 语言制作旅程地图 ,97b6d8d63c0d4a02995d0706c2ea0b05,2025-08-29T20:07:55Z,课程
1980 年 1 月～2024 年 12 月各省市区县地表二甲硫醚质量浓度,e59012a452284b64bc7f53e7932b3923,2025-02-20T19:57:54Z,数据资料
2017～2021  年各省市区县大豆种植面积面板数据,35980cb405834587b142879c23ad74f9,2026-01-18T19:18:34Z,数据资料
2015～2024 年专精特新企业与政府采购数据匹配结果,f647e696f33e44188d262a5738183bec,2025-12-26T16:40:23Z,数据资料
2001～2024 年各省市区县玉米种植面积面板数据,85481812340c4de697a29a39e7c056dd,2025-12-25T17:07:09Z,数据资料
1988～2024 年金融机构网点与关键数字技术专利匹配结果,d260a2ee5194494f8094a29c2022ae39,2025-12-16T22:16:26Z,数据资料
2000～2024 年各省市区县夜间灯光最亮点的经纬度（余柏蒗版本1）,ee3b699db8284f91bd9a077d4f4596b4,2025-11-23T21:11:34Z,数据资料
2000~2024 年各省市区县夜间灯光最亮点的经纬度（施开放版本）,2ed6ec549fc44430b38cf3c936f2e664,2025-11-23T20:56:07Z,数据资料
1992～2024 年各省市区县乡镇类 NPP-VIIRS 夜间灯光基尼系数、泰尔指数及阿特金森指数面板数据（余柏蒗版本2）,b6ce9775c6c248439a190ddc104c1359,2025-11-21T23:02:13Z,数据资料
1985～2024 年瞪羚、独角兽与科技型初创企业绿色低碳专利申请与授权信息,cb09b43b59b84f089f3daffdf8b3086f,2025-11-06T12:28:52Z,数据资料
1970～2023 年美国各州县CO2排放量面板数据(v2024_GHG),8686aee186354b928756effc701a44fc,2025-10-30T17:37:55Z,数据资料
1998～2023 年各乡镇平均 PM2.5 浓度面板数据（华盛顿圣路易斯分校来源）,e069899832c94d8fbf1b490f390938a2,2026-01-21T17:45:38Z,数据资料
2001～2016 年上市公司前五大供应商、客户与海关数据匹配结果,8cacec5cee1e4412a70ea73207349543,2025-12-29T16:18:32Z,数据资料
分部门：1970～2024 年中国各省市区县各部门 N2O 排放量面板数据 & 栅格数据（EDGAR v2025）,f6185fc178d94ccd8a2e7bcbaca82a5b,2025-12-24T22:21:39Z,数据资料
名师讲堂｜使用 R 语言测算上市公司专利碎片化指数：专利所有权分散与专利丛林,434547acfc23427e9b420f55319ec781,2026-02-25T21:14:26Z,名师讲堂
1992～2024 年各省市区县夜间灯光数据中不同亮度值区域的面积占比（余柏蒗版本2）,4b220e27d6b444b49ff2acd6091c8f83,2026-01-04T14:12:37Z,数据资料
